浙江省宁波市,宁波
宁波,宁波
浙江省温岭市,台州
浙江宁海,浙江
河南固始县,河南
浙江杭州,浙江
浙江宁波,宁波
陕西省富平县,陕西
浙江省鄞州区,浙江
浙江松阳,浙江
山东省青岛市,山东
浙江温岭市,台州
浙江奉化,浙江
浙江省奉化市,浙江
宁波市鄞州区,宁波
江苏省吴江市,江苏
浙江象山,浙江
浙江,浙江
浙江慈溪,浙江
四川,四川
浙江临海,浙江
江苏东台,江苏
安徽阜阳,安徽
浙江省象山县,浙江
浙江江山,浙江
浙江萧山,浙江
浙江省临海市,浙江
浙江永康,浙江
浙江省天台县,浙江
四川省邻水县,四川
河南信阳,河南
福建晋江,福建
浙江省舟山市,浙江
浙江武义,浙江
宁波奉化,宁波
宁波市,宁波
江苏省高邮县,江苏
陕西省岐山县,陕西
甘肃会宁,甘肃
浙江省宁海县,浙江
浙江余姚,浙江
黑龙江省伊春,黑龙江
浙江省衢州市,浙江
浙江岱山,浙江
浙江省鄞县,浙江
浙江省东阳市,浙江
浙江鄞县,浙江
山东省微山县,山东
浙江省慈溪市,浙江
浙江鄞州,浙江
安徽省天长市,安徽
湖北汉川,湖北
宁波海曙,宁波
浙江义乌,浙江
江苏仪征,江苏
安徽安庆,安徽
浙江诸暨,浙江
浙江舟山,浙江
吉林省,吉林
湖北省钟祥市,湖北
台州,台州
浙江省余姚市,浙江
安徽望江,安徽
陕西省西安市,陕西
安徽省桐城县,安徽
福建福鼎,福建
浙江天台县,浙江
浙江桐庐,浙江
浙江省上虞市,浙江
湖北省宜昌市,湖北
安徽黄山,安徽
浙江省义乌市,浙江
湖北云梦,湖北
陕西省,陕西
浙江省海宁,浙江
浙江省永嘉县,浙江
湖北省鄂州市,湖北
浙江省黄岩县,浙江
浙江省余姚,浙江
浙江淳安,浙江
浙江省慈溪县,浙江
浙江 瑞安,浙江
宁波镇海,宁波
浙江 宁波,宁波
浙江省文成县,浙江
陕西,陕西
安徽石台,安徽
浙江嵊州,浙江
辽宁,辽宁
安徽歙县,安徽
辽宁省葫芦岛,辽宁
浙江省,浙江
浙江宁波象山,宁波
中国浙江省宁,浙江
浙江省温州市,温州
宁波市海曙区,宁波
浙江台州,台州
安徽枞阳,安徽
山东省鱼台县,山东
安徽合肥市庐,安徽
江苏省邗江县,江苏
浙江省绍兴市,浙江
湖北省黄梅县,湖北
乐清,温州
江苏省邳州市,江苏
江苏如东,江苏
江苏南京,江苏
河南省荥阳市,河南
浙江省台州市,台州
浙江三门,浙江
甘肃兰州,甘肃
宁波市北仑区,宁波
宁波市江东区,宁波
江苏宜兴,江苏
陕西渭南,陕西
安徽六安,安徽
湖北,湖北
宁波慈溪,宁波
浙江东阳,浙江
浙江宁波奉化,宁波
宁波北仑,宁波
浙江省江山市,浙江
宁波市象山县,宁波
浙江绍兴,浙江
浙江桐乡,浙江
宁波鄞州,宁波
浙江宁波市江,宁波
浙江仙居,浙江
黑龙江省鹤岗,黑龙江
福建省明溪县,福建
乐清市,温州
安徽安庆潜山,安徽
辽宁省大连市,辽宁
温州瑞安,温州
江苏省,江苏
河南商城,河南
江苏,江苏
甘肃省庆阳市,甘肃
江苏淮安,江苏
浙江平湖,浙江
河南省光山县,河南
四川南充市,四川
浙江省岱山县,浙江
浙江省富阳,浙江
黑龙江省阿城,黑龙江
江苏省泰州市,江苏
宁波市镇海区,宁波
河南陕县,河南
浙江缙云,浙江
陕西宝鸡,陕西
浙江省泰顺县,浙江
湖北省英山县,湖北
浙江温州,温州
江苏吴江,江苏
浙江省新昌县,浙江
浙江海宁,浙江
湖北省巴东县,湖北
山东,山东
浙江省诸暨市,浙江
安徽,安徽
安徽省,安徽
江苏省如皋市,江苏
浙江省富阳市,浙江
福建省柘荣县,福建
浙江省嵊州市,浙江
浙江省仙居县,浙江
宁波市曙光中,宁波
浙江省浦江,浙江
浙江新昌,浙江
河南省汝南县,河南
河南省,河南
浙江温岭,台州
江苏无锡,江苏
江苏省金湖县,江苏
浙江黄岩,浙江
台州椒江区,台州
安徽省铜陵,安徽
浙江省长兴县,浙江
甘肃省庆阳,甘肃
浙江省湖州市,浙江
江苏高邮,江苏
安徽怀宁,安徽
中国浙江省,浙江
浙江省淳安县,浙江
浙江宁波鄞州,宁波
宁波市江北区,宁波
黑龙江省,黑龙江
黑龙江省佳木,黑龙江
浙江衢州市,浙江
山东省济宁市,山东
浙江省嘉兴市,浙江
安徽省宣州市,安徽
浙江宁波宁波,宁波
江苏如皋,江苏
浙江省奉化区,浙江
浙江省临安市,浙江
浙江省杭州市,浙江
浙江省龙游县,浙江
浙江舟山定海,浙江
河南省商丘市,河南
浙江省兰溪市,浙江
湖北省广水市,湖北
安徽省，颍上,安徽
安徽省濉溪县,安徽
温州市乐清,温州
福建建阳,福建
四川大竹,四川
浙江省绍兴县,浙江
浙江 绍兴,浙江
江苏省泰县,江苏
江苏丹阳,江苏
吉林省扶余县,吉林
江苏省无锡市,江苏
温州苍南,温州
浙江省宁波,宁波
浙江普陀,浙江
山东聊城,山东
浙江省平阳县,浙江
浙江省浦江县,浙江
甘肃武威,甘肃
安徽省合肥市,安徽
宁波市奉化区,宁波
江苏宿迁,江苏
浙江丽水,浙江
浙江上虞,浙江
宁波市鄞州,宁波
河南禹州,河南
四川省南充市,四川
浙江省三门县,浙江
湖北大悟,湖北
安徽桐城,安徽
宁波海曙区,宁波
安徽省黄山市,安徽
江苏省南京市,江苏
辽宁省抚顺市,辽宁
浙江省丽水市,浙江
浙江宁波市,宁波
陕西省蒲城县,陕西
山东海阳,山东
江苏省兴化市,江苏
宁波宁海,宁波
安徽省铜陵市,安徽
山东省济南市,山东
黑龙江省哈尔,黑龙江
浙江省乐清市,温州
安徽省舒城县,安徽
四川省永川市,四川
浙江省余姚县,浙江
宁波象山,宁波
陕西省华县,陕西
湖北省石首市,湖北
福建省霞浦县,福建
山东蒙阴,山东
河南,河南
浙江省临海,浙江
江苏赣榆,江苏
浙江天台,浙江
安徽省界首市,安徽
江苏省泰兴市,江苏
浙江省武义县,浙江
江苏省南通市,江苏
浙江省临海县,浙江
浙江庆元,浙江
浙江省开化县,浙江
江苏昆山,江苏
浙江浦江,浙江
安徽省东至县,安徽
甘肃省民乐县,甘肃
浙江兰溪,浙江
宁波市宁海县,宁波
浙江金华,浙江
浙江省常山县,浙江
浙江宁波江东,宁波
福建莆田,福建
浙江湖南,浙江
浙江省东阳县,浙江
浙江乐清,温州
浙江衢州,浙江
四川省筠连县,四川
陕西礼泉,陕西
安徽省阜阳市,安徽
浙江椒江区翠,浙江
浙江省遂昌县,浙江
浙江海盐,浙江
浙江省金华市,浙江
浙江开化,浙江
宁波东钱湖,宁波
浙江省永康市,浙江
浙江省桐庐县,浙江
黑龙江省龙江,黑龙江
江苏省泗阳县,江苏
浙江安吉,浙江
甘肃省天水市,甘肃
湖北武汉,湖北
安徽省蒙城县,安徽
浙江台州温岭,台州
江苏省宿迁市,江苏
湖北省松滋市,湖北
福建省福清市,福建
安徽省广德县,安徽
江苏省盐城市,江苏
湖北省天门市,湖北
四川省广元市,四川
江苏省滨海县,江苏
浙江临安,浙江
安徽省巢湖市,安徽
山东省潍坊寿,山东
浙江富阳,浙江
中国浙江宁波,宁波
辽宁省瓦房店,辽宁
安徽省安庆市,安徽
安徽省阜南县,安徽
福建省莆田县,福建
河南省沈丘县,河南
湖北省京山县,湖北
四川省中江县,四川
